{
	"pages": [ //pages数组中第一项表示应用启动页，参考：https://uniapp.dcloud.io/collocation/pages
		{
			"path": "pages/index/index",
			
			"style": {
				"navigationBarTitleText": "首页",
				"navigationBarTextStyle":"white",
				"navigationBarBackgroundColor":"#489EF8",
				"usingComponents": {
					"van-notice-bar": "/wxcomponents/notice-bar/index",
					 "van-toast": "/wxcomponents/toast/index",
					"van-row": "/wxcomponents/row/index",
					"van-col": "/wxcomponents/col/index",
					"van-button": "/wxcomponents/button/index"
				}
			}
		}
	],
	"globalStyle": {
		"navigationBarTextStyle": "black",
		"navigationBarTitleText": "uni-app",
		"navigationBarBackgroundColor": "#F8F8F8",
		"backgroundColor": "#F8F8F8"
	}
}
